url,label
datasets/FEI+GT/s36/12.jpg,s36
datasets/FEI+GT/s36/01.jpg,s36
datasets/FEI+GT/s36/07.jpg,s36
datasets/FEI+GT/s36/11.jpg,s36
datasets/FEI+GT/s36/08.jpg,s36
datasets/FEI+GT/s36/15.jpg,s36
datasets/FEI+GT/s36/02.jpg,s36
datasets/FEI+GT/s36/03.jpg,s36
datasets/FEI+GT/s36/14.jpg,s36
datasets/FEI+GT/s36/05.jpg,s36
datasets/FEI+GT/s36/04.jpg,s36
datasets/FEI+GT/s36/13.jpg,s36
datasets/FEI+GT/s36/09.jpg,s36
datasets/FEI+GT/s36/06.jpg,s36
datasets/FEI+GT/s36/10.jpg,s36
datasets/FEI+GT/FEI002/2-13.jpg,FEI002
datasets/FEI+GT/FEI002/2-04.jpg,FEI002
datasets/FEI+GT/FEI002/2-06.jpg,FEI002
datasets/FEI+GT/FEI002/2-01.jpg,FEI002
datasets/FEI+GT/FEI002/2-12.jpg,FEI002
datasets/FEI+GT/FEI002/2-08.jpg,FEI002
datasets/FEI+GT/FEI002/2-07.jpg,FEI002
datasets/FEI+GT/FEI002/2-14.jpg,FEI002
datasets/FEI+GT/FEI002/2-10.jpg,FEI002
datasets/FEI+GT/FEI002/2-11.jpg,FEI002
datasets/FEI+GT/FEI002/2-03.jpg,FEI002
datasets/FEI+GT/FEI002/2-02.jpg,FEI002
datasets/FEI+GT/FEI002/2-09.jpg,FEI002
datasets/FEI+GT/s12/12.jpg,s12
datasets/FEI+GT/s12/01.jpg,s12
datasets/FEI+GT/s12/07.jpg,s12
datasets/FEI+GT/s12/11.jpg,s12
datasets/FEI+GT/s12/08.jpg,s12
datasets/FEI+GT/s12/15.jpg,s12
datasets/FEI+GT/s12/02.jpg,s12
datasets/FEI+GT/s12/03.jpg,s12
datasets/FEI+GT/s12/14.jpg,s12
datasets/FEI+GT/s12/05.jpg,s12
datasets/FEI+GT/s12/04.jpg,s12
datasets/FEI+GT/s12/13.jpg,s12
datasets/FEI+GT/s12/09.jpg,s12
datasets/FEI+GT/s12/06.jpg,s12
datasets/FEI+GT/s12/10.jpg,s12
datasets/FEI+GT/FEI024/24-10.jpg,FEI024
datasets/FEI+GT/FEI024/24-04.jpg,FEI024
datasets/FEI+GT/FEI024/24-07.jpg,FEI024
datasets/FEI+GT/FEI024/24-14.jpg,FEI024
datasets/FEI+GT/FEI024/24-01.jpg,FEI024
datasets/FEI+GT/FEI024/24-03.jpg,FEI024
datasets/FEI+GT/FEI024/24-06.jpg,FEI024
datasets/FEI+GT/FEI024/24-12.jpg,FEI024
datasets/FEI+GT/FEI024/24-02.jpg,FEI024
datasets/FEI+GT/FEI024/24-11.jpg,FEI024
datasets/FEI+GT/FEI024/24-08.jpg,FEI024
datasets/FEI+GT/FEI024/24-05.jpg,FEI024
datasets/FEI+GT/FEI024/24-09.jpg,FEI024
datasets/FEI+GT/FEI024/24-13.jpg,FEI024
datasets/FEI+GT/s45/12.jpg,s45
datasets/FEI+GT/s45/01.jpg,s45
datasets/FEI+GT/s45/07.jpg,s45
datasets/FEI+GT/s45/11.jpg,s45
datasets/FEI+GT/s45/08.jpg,s45
datasets/FEI+GT/s45/15.jpg,s45
datasets/FEI+GT/s45/02.jpg,s45
datasets/FEI+GT/s45/03.jpg,s45
datasets/FEI+GT/s45/14.jpg,s45
datasets/FEI+GT/s45/05.jpg,s45
datasets/FEI+GT/s45/04.jpg,s45
datasets/FEI+GT/s45/13.jpg,s45
datasets/FEI+GT/s45/09.jpg,s45
datasets/FEI+GT/s45/06.jpg,s45
datasets/FEI+GT/s45/10.jpg,s45
datasets/FEI+GT/s34/12.jpg,s34
datasets/FEI+GT/s34/01.jpg,s34
datasets/FEI+GT/s34/07.jpg,s34
datasets/FEI+GT/s34/11.jpg,s34
datasets/FEI+GT/s34/08.jpg,s34
datasets/FEI+GT/s34/15.jpg,s34
datasets/FEI+GT/s34/02.jpg,s34
datasets/FEI+GT/s34/03.jpg,s34
datasets/FEI+GT/s34/14.jpg,s34
datasets/FEI+GT/s34/05.jpg,s34
datasets/FEI+GT/s34/04.jpg,s34
datasets/FEI+GT/s34/13.jpg,s34
datasets/FEI+GT/s34/09.jpg,s34
datasets/FEI+GT/s34/06.jpg,s34
datasets/FEI+GT/s34/10.jpg,s34
datasets/FEI+GT/FEI037/37-10.jpg,FEI037
datasets/FEI+GT/FEI037/37-09.jpg,FEI037
datasets/FEI+GT/FEI037/37-11.jpg,FEI037
datasets/FEI+GT/FEI037/37-03.jpg,FEI037
datasets/FEI+GT/FEI037/37-06.jpg,FEI037
datasets/FEI+GT/FEI037/37-04.jpg,FEI037
datasets/FEI+GT/FEI037/37-07.jpg,FEI037
datasets/FEI+GT/FEI037/37-05.jpg,FEI037
datasets/FEI+GT/FEI037/37-12.jpg,FEI037
datasets/FEI+GT/FEI037/37-13.jpg,FEI037
datasets/FEI+GT/FEI037/37-01.jpg,FEI037
datasets/FEI+GT/FEI037/37-02.jpg,FEI037
datasets/FEI+GT/FEI037/37-08.jpg,FEI037
datasets/FEI+GT/s44/12.jpg,s44
datasets/FEI+GT/s44/01.jpg,s44
datasets/FEI+GT/s44/07.jpg,s44
datasets/FEI+GT/s44/11.jpg,s44
datasets/FEI+GT/s44/08.jpg,s44
datasets/FEI+GT/s44/15.jpg,s44
datasets/FEI+GT/s44/02.jpg,s44
datasets/FEI+GT/s44/03.jpg,s44
datasets/FEI+GT/s44/14.jpg,s44
datasets/FEI+GT/s44/05.jpg,s44
datasets/FEI+GT/s44/04.jpg,s44
datasets/FEI+GT/s44/13.jpg,s44
datasets/FEI+GT/s44/09.jpg,s44
datasets/FEI+GT/s44/06.jpg,s44
datasets/FEI+GT/s44/10.jpg,s44
datasets/FEI+GT/FEI030/30-01.jpg,FEI030
datasets/FEI+GT/FEI030/30-14.jpg,FEI030
datasets/FEI+GT/FEI030/30-05.jpg,FEI030
datasets/FEI+GT/FEI030/30-07.jpg,FEI030
datasets/FEI+GT/FEI030/30-12.jpg,FEI030
datasets/FEI+GT/FEI030/30-06.jpg,FEI030
datasets/FEI+GT/FEI030/30-08.jpg,FEI030
datasets/FEI+GT/FEI030/30-11.jpg,FEI030
datasets/FEI+GT/FEI030/30-02.jpg,FEI030
datasets/FEI+GT/FEI030/30-10.jpg,FEI030
datasets/FEI+GT/FEI030/30-04.jpg,FEI030
datasets/FEI+GT/FEI030/30-09.jpg,FEI030
datasets/FEI+GT/FEI030/30-13.jpg,FEI030
datasets/FEI+GT/FEI030/30-03.jpg,FEI030
datasets/FEI+GT/s11/12.jpg,s11
datasets/FEI+GT/s11/01.jpg,s11
datasets/FEI+GT/s11/07.jpg,s11
datasets/FEI+GT/s11/11.jpg,s11
datasets/FEI+GT/s11/08.jpg,s11
datasets/FEI+GT/s11/15.jpg,s11
datasets/FEI+GT/s11/02.jpg,s11
datasets/FEI+GT/s11/03.jpg,s11
datasets/FEI+GT/s11/14.jpg,s11
datasets/FEI+GT/s11/05.jpg,s11
datasets/FEI+GT/s11/04.jpg,s11
datasets/FEI+GT/s11/13.jpg,s11
datasets/FEI+GT/s11/09.jpg,s11
datasets/FEI+GT/s11/06.jpg,s11
datasets/FEI+GT/s11/10.jpg,s11
datasets/FEI+GT/FEI039/39-01.jpg,FEI039
datasets/FEI+GT/FEI039/39-06.jpg,FEI039
datasets/FEI+GT/FEI039/39-12.jpg,FEI039
datasets/FEI+GT/FEI039/39-14.jpg,FEI039
datasets/FEI+GT/FEI039/39-10.jpg,FEI039
datasets/FEI+GT/FEI039/39-13.jpg,FEI039
datasets/FEI+GT/FEI039/39-07.jpg,FEI039
datasets/FEI+GT/FEI039/39-04.jpg,FEI039
datasets/FEI+GT/FEI039/39-11.jpg,FEI039
datasets/FEI+GT/FEI039/39-09.jpg,FEI039
datasets/FEI+GT/FEI039/39-05.jpg,FEI039
datasets/FEI+GT/FEI039/39-03.jpg,FEI039
datasets/FEI+GT/FEI039/39-02.jpg,FEI039
datasets/FEI+GT/FEI039/39-08.jpg,FEI039
datasets/FEI+GT/s28/12.jpg,s28
datasets/FEI+GT/s28/01.jpg,s28
datasets/FEI+GT/s28/07.jpg,s28
datasets/FEI+GT/s28/11.jpg,s28
datasets/FEI+GT/s28/08.jpg,s28
datasets/FEI+GT/s28/15.jpg,s28
datasets/FEI+GT/s28/02.jpg,s28
datasets/FEI+GT/s28/03.jpg,s28
datasets/FEI+GT/s28/14.jpg,s28
datasets/FEI+GT/s28/05.jpg,s28
datasets/FEI+GT/s28/04.jpg,s28
datasets/FEI+GT/s28/13.jpg,s28
datasets/FEI+GT/s28/09.jpg,s28
datasets/FEI+GT/s28/06.jpg,s28
datasets/FEI+GT/s28/10.jpg,s28
datasets/FEI+GT/FEI045/45-07.jpg,FEI045
datasets/FEI+GT/FEI045/45-13.jpg,FEI045
datasets/FEI+GT/FEI045/45-02.jpg,FEI045
datasets/FEI+GT/FEI045/45-14.jpg,FEI045
datasets/FEI+GT/FEI045/45-08.jpg,FEI045
datasets/FEI+GT/FEI045/45-12.jpg,FEI045
datasets/FEI+GT/FEI045/45-04.jpg,FEI045
datasets/FEI+GT/FEI045/45-09.jpg,FEI045
datasets/FEI+GT/FEI045/45-01.jpg,FEI045
datasets/FEI+GT/FEI045/45-05.jpg,FEI045
datasets/FEI+GT/FEI045/45-03.jpg,FEI045
datasets/FEI+GT/FEI045/45-06.jpg,FEI045
datasets/FEI+GT/FEI045/45-10.jpg,FEI045
datasets/FEI+GT/FEI045/45-11.jpg,FEI045
datasets/FEI+GT/s19/12.jpg,s19
datasets/FEI+GT/s19/01.jpg,s19
datasets/FEI+GT/s19/07.jpg,s19
datasets/FEI+GT/s19/11.jpg,s19
datasets/FEI+GT/s19/08.jpg,s19
datasets/FEI+GT/s19/15.jpg,s19
datasets/FEI+GT/s19/02.jpg,s19
datasets/FEI+GT/s19/03.jpg,s19
datasets/FEI+GT/s19/14.jpg,s19
datasets/FEI+GT/s19/05.jpg,s19
datasets/FEI+GT/s19/04.jpg,s19
datasets/FEI+GT/s19/13.jpg,s19
datasets/FEI+GT/s19/09.jpg,s19
datasets/FEI+GT/s19/06.jpg,s19
datasets/FEI+GT/s19/10.jpg,s19
datasets/FEI+GT/s09/12.jpg,s09
datasets/FEI+GT/s09/01.jpg,s09
datasets/FEI+GT/s09/07.jpg,s09
datasets/FEI+GT/s09/11.jpg,s09
datasets/FEI+GT/s09/08.jpg,s09
datasets/FEI+GT/s09/15.jpg,s09
datasets/FEI+GT/s09/02.jpg,s09
datasets/FEI+GT/s09/03.jpg,s09
datasets/FEI+GT/s09/14.jpg,s09
datasets/FEI+GT/s09/05.jpg,s09
datasets/FEI+GT/s09/04.jpg,s09
datasets/FEI+GT/s09/13.jpg,s09
datasets/FEI+GT/s09/09.jpg,s09
datasets/FEI+GT/s09/06.jpg,s09
datasets/FEI+GT/s09/10.jpg,s09
datasets/FEI+GT/s18/12.jpg,s18
datasets/FEI+GT/s18/01.jpg,s18
datasets/FEI+GT/s18/07.jpg,s18
datasets/FEI+GT/s18/11.jpg,s18
datasets/FEI+GT/s18/08.jpg,s18
datasets/FEI+GT/s18/15.jpg,s18
datasets/FEI+GT/s18/02.jpg,s18
datasets/FEI+GT/s18/03.jpg,s18
datasets/FEI+GT/s18/14.jpg,s18
datasets/FEI+GT/s18/05.jpg,s18
datasets/FEI+GT/s18/04.jpg,s18
datasets/FEI+GT/s18/13.jpg,s18
datasets/FEI+GT/s18/09.jpg,s18
datasets/FEI+GT/s18/06.jpg,s18
datasets/FEI+GT/s18/10.jpg,s18
datasets/FEI+GT/FEI044/44-12.jpg,FEI044
datasets/FEI+GT/FEI044/44-03.jpg,FEI044
datasets/FEI+GT/FEI044/44-01.jpg,FEI044
datasets/FEI+GT/FEI044/44-05.jpg,FEI044
datasets/FEI+GT/FEI044/44-08.jpg,FEI044
datasets/FEI+GT/FEI044/44-09.jpg,FEI044
datasets/FEI+GT/FEI044/44-04.jpg,FEI044
datasets/FEI+GT/FEI044/44-13.jpg,FEI044
datasets/FEI+GT/FEI044/44-14.jpg,FEI044
datasets/FEI+GT/FEI044/44-02.jpg,FEI044
datasets/FEI+GT/FEI044/44-06.jpg,FEI044
datasets/FEI+GT/FEI044/44-11.jpg,FEI044
datasets/FEI+GT/FEI044/44-10.jpg,FEI044
datasets/FEI+GT/FEI044/44-07.jpg,FEI044
datasets/FEI+GT/FEI021/21-14.jpg,FEI021
datasets/FEI+GT/FEI021/21-06.jpg,FEI021
datasets/FEI+GT/FEI021/21-03.jpg,FEI021
datasets/FEI+GT/FEI021/21-09.jpg,FEI021
datasets/FEI+GT/FEI021/21-08.jpg,FEI021
datasets/FEI+GT/FEI021/21-13.jpg,FEI021
datasets/FEI+GT/FEI021/21-11.jpg,FEI021
datasets/FEI+GT/FEI021/21-01.jpg,FEI021
datasets/FEI+GT/FEI021/21-04.jpg,FEI021
datasets/FEI+GT/FEI021/21-07.jpg,FEI021
datasets/FEI+GT/FEI021/21-05.jpg,FEI021
datasets/FEI+GT/FEI021/21-12.jpg,FEI021
datasets/FEI+GT/FEI021/21-10.jpg,FEI021
datasets/FEI+GT/FEI021/21-02.jpg,FEI021
datasets/FEI+GT/FEI032/32-05.jpg,FEI032
datasets/FEI+GT/FEI032/32-04.jpg,FEI032
datasets/FEI+GT/FEI032/32-13.jpg,FEI032
datasets/FEI+GT/FEI032/32-09.jpg,FEI032
datasets/FEI+GT/FEI032/32-08.jpg,FEI032
datasets/FEI+GT/FEI032/32-03.jpg,FEI032
datasets/FEI+GT/FEI032/32-02.jpg,FEI032
datasets/FEI+GT/FEI032/32-01.jpg,FEI032
datasets/FEI+GT/FEI032/32-12.jpg,FEI032
datasets/FEI+GT/FEI032/32-07.jpg,FEI032
datasets/FEI+GT/FEI032/32-14.jpg,FEI032
datasets/FEI+GT/FEI032/32-06.jpg,FEI032
datasets/FEI+GT/FEI032/32-10.jpg,FEI032
datasets/FEI+GT/FEI032/32-11.jpg,FEI032
datasets/FEI+GT/FEI013/13-05.jpg,FEI013
datasets/FEI+GT/FEI013/13-02.jpg,FEI013
datasets/FEI+GT/FEI013/13-10.jpg,FEI013
datasets/FEI+GT/FEI013/13-01.jpg,FEI013
datasets/FEI+GT/FEI013/13-08.jpg,FEI013
datasets/FEI+GT/FEI013/13-13.jpg,FEI013
datasets/FEI+GT/FEI013/13-07.jpg,FEI013
datasets/FEI+GT/FEI013/13-11.jpg,FEI013
datasets/FEI+GT/FEI013/13-04.jpg,FEI013
datasets/FEI+GT/FEI013/13-03.jpg,FEI013
datasets/FEI+GT/FEI013/13-09.jpg,FEI013
datasets/FEI+GT/FEI013/13-14.jpg,FEI013
datasets/FEI+GT/FEI013/13-06.jpg,FEI013
datasets/FEI+GT/FEI013/13-12.jpg,FEI013
datasets/FEI+GT/FEI022/22-10.jpg,FEI022
datasets/FEI+GT/FEI022/22-02.jpg,FEI022
datasets/FEI+GT/FEI022/22-07.jpg,FEI022
datasets/FEI+GT/FEI022/22-06.jpg,FEI022
datasets/FEI+GT/FEI022/22-14.jpg,FEI022
datasets/FEI+GT/FEI022/22-09.jpg,FEI022
datasets/FEI+GT/FEI022/22-08.jpg,FEI022
datasets/FEI+GT/FEI022/22-03.jpg,FEI022
datasets/FEI+GT/FEI022/22-04.jpg,FEI022
datasets/FEI+GT/FEI022/22-13.jpg,FEI022
datasets/FEI+GT/FEI022/22-12.jpg,FEI022
datasets/FEI+GT/FEI022/22-01.jpg,FEI022
datasets/FEI+GT/FEI022/22-05.jpg,FEI022
datasets/FEI+GT/FEI022/22-11.jpg,FEI022
datasets/FEI+GT/s06/12.jpg,s06
datasets/FEI+GT/s06/01.jpg,s06
datasets/FEI+GT/s06/07.jpg,s06
datasets/FEI+GT/s06/11.jpg,s06
datasets/FEI+GT/s06/08.jpg,s06
datasets/FEI+GT/s06/15.jpg,s06
datasets/FEI+GT/s06/02.jpg,s06
datasets/FEI+GT/s06/03.jpg,s06
datasets/FEI+GT/s06/14.jpg,s06
datasets/FEI+GT/s06/05.jpg,s06
datasets/FEI+GT/s06/04.jpg,s06
datasets/FEI+GT/s06/13.jpg,s06
datasets/FEI+GT/s06/09.jpg,s06
datasets/FEI+GT/s06/06.jpg,s06
datasets/FEI+GT/s06/10.jpg,s06
datasets/FEI+GT/FEI028/28-03.jpg,FEI028
datasets/FEI+GT/FEI028/28-06.jpg,FEI028
datasets/FEI+GT/FEI028/28-04.jpg,FEI028
datasets/FEI+GT/FEI028/28-02.jpg,FEI028
datasets/FEI+GT/FEI028/28-09.jpg,FEI028
datasets/FEI+GT/FEI028/28-07.jpg,FEI028
datasets/FEI+GT/FEI028/28-10.jpg,FEI028
datasets/FEI+GT/FEI028/28-13.jpg,FEI028
datasets/FEI+GT/FEI028/28-12.jpg,FEI028
datasets/FEI+GT/FEI028/28-11.jpg,FEI028
datasets/FEI+GT/FEI028/28-08.jpg,FEI028
datasets/FEI+GT/FEI028/28-05.jpg,FEI028
datasets/FEI+GT/FEI028/28-01.jpg,FEI028
datasets/FEI+GT/s20/12.jpg,s20
datasets/FEI+GT/s20/01.jpg,s20
datasets/FEI+GT/s20/07.jpg,s20
datasets/FEI+GT/s20/11.jpg,s20
datasets/FEI+GT/s20/08.jpg,s20
datasets/FEI+GT/s20/15.jpg,s20
datasets/FEI+GT/s20/02.jpg,s20
datasets/FEI+GT/s20/03.jpg,s20
datasets/FEI+GT/s20/14.jpg,s20
datasets/FEI+GT/s20/05.jpg,s20
datasets/FEI+GT/s20/04.jpg,s20
datasets/FEI+GT/s20/13.jpg,s20
datasets/FEI+GT/s20/09.jpg,s20
datasets/FEI+GT/s20/06.jpg,s20
datasets/FEI+GT/s20/10.jpg,s20
datasets/FEI+GT/FEI004/4-07.jpg,FEI004
datasets/FEI+GT/FEI004/4-01.jpg,FEI004
datasets/FEI+GT/FEI004/3-14.jpg,FEI004
datasets/FEI+GT/FEI004/4-14.jpg,FEI004
datasets/FEI+GT/FEI004/4-13.jpg,FEI004
datasets/FEI+GT/FEI004/4-06.jpg,FEI004
datasets/FEI+GT/FEI004/4-03.jpg,FEI004
datasets/FEI+GT/FEI004/4-04.jpg,FEI004
datasets/FEI+GT/FEI004/4-02.jpg,FEI004
datasets/FEI+GT/FEI004/4-09.jpg,FEI004
datasets/FEI+GT/FEI004/4-11.jpg,FEI004
datasets/FEI+GT/FEI004/4-08.jpg,FEI004
datasets/FEI+GT/FEI004/4-12.jpg,FEI004
datasets/FEI+GT/FEI004/4-10.jpg,FEI004
datasets/FEI+GT/FEI005/5-04.jpg,FEI005
datasets/FEI+GT/FEI005/5-13.jpg,FEI005
datasets/FEI+GT/FEI005/5-08.jpg,FEI005
datasets/FEI+GT/FEI005/5-12.jpg,FEI005
datasets/FEI+GT/FEI005/5-06.jpg,FEI005
datasets/FEI+GT/FEI005/5-14.jpg,FEI005
datasets/FEI+GT/FEI005/5-01.jpg,FEI005
datasets/FEI+GT/FEI005/5-07.jpg,FEI005
datasets/FEI+GT/FEI005/5-09.jpg,FEI005
datasets/FEI+GT/FEI005/5-10.jpg,FEI005
datasets/FEI+GT/FEI005/5-02.jpg,FEI005
datasets/FEI+GT/FEI005/5-11.jpg,FEI005
datasets/FEI+GT/FEI005/5-03.jpg,FEI005
datasets/FEI+GT/FEI005/5-05.jpg,FEI005
datasets/FEI+GT/FEI042/42-03.jpg,FEI042
datasets/FEI+GT/FEI042/42-11.jpg,FEI042
datasets/FEI+GT/FEI042/42-14.jpg,FEI042
datasets/FEI+GT/FEI042/42-13.jpg,FEI042
datasets/FEI+GT/FEI042/42-12.jpg,FEI042
datasets/FEI+GT/FEI042/42-05.jpg,FEI042
datasets/FEI+GT/FEI042/42-01.jpg,FEI042
datasets/FEI+GT/FEI042/42-06.jpg,FEI042
datasets/FEI+GT/FEI042/42-09.jpg,FEI042
datasets/FEI+GT/FEI042/42-04.jpg,FEI042
datasets/FEI+GT/FEI042/42-07.jpg,FEI042
datasets/FEI+GT/FEI042/42-02.jpg,FEI042
datasets/FEI+GT/FEI042/42-08.jpg,FEI042
datasets/FEI+GT/FEI042/42-10.jpg,FEI042
datasets/FEI+GT/FEI023/23-06.jpg,FEI023
datasets/FEI+GT/FEI023/23-12.jpg,FEI023
datasets/FEI+GT/FEI023/23-02.jpg,FEI023
datasets/FEI+GT/FEI023/23-04.jpg,FEI023
datasets/FEI+GT/FEI023/23-03.jpg,FEI023
datasets/FEI+GT/FEI023/23-11.jpg,FEI023
datasets/FEI+GT/FEI023/23-08.jpg,FEI023
datasets/FEI+GT/FEI023/23-10.jpg,FEI023
datasets/FEI+GT/FEI023/23-09.jpg,FEI023
datasets/FEI+GT/FEI023/23-14.jpg,FEI023
datasets/FEI+GT/FEI023/23-07.jpg,FEI023
datasets/FEI+GT/FEI023/23-05.jpg,FEI023
datasets/FEI+GT/FEI023/23-01.jpg,FEI023
datasets/FEI+GT/FEI023/23-13.jpg,FEI023
datasets/FEI+GT/s22/12.jpg,s22
datasets/FEI+GT/s22/01.jpg,s22
datasets/FEI+GT/s22/07.jpg,s22
datasets/FEI+GT/s22/11.jpg,s22
datasets/FEI+GT/s22/08.jpg,s22
datasets/FEI+GT/s22/15.jpg,s22
datasets/FEI+GT/s22/02.jpg,s22
datasets/FEI+GT/s22/03.jpg,s22
datasets/FEI+GT/s22/14.jpg,s22
datasets/FEI+GT/s22/05.jpg,s22
datasets/FEI+GT/s22/04.jpg,s22
datasets/FEI+GT/s22/13.jpg,s22
datasets/FEI+GT/s22/09.jpg,s22
datasets/FEI+GT/s22/06.jpg,s22
datasets/FEI+GT/s22/10.jpg,s22
datasets/FEI+GT/FEI034/34-02.jpg,FEI034
datasets/FEI+GT/FEI034/34-08.jpg,FEI034
datasets/FEI+GT/FEI034/34-03.jpg,FEI034
datasets/FEI+GT/FEI034/34-07.jpg,FEI034
datasets/FEI+GT/FEI034/34-09.jpg,FEI034
datasets/FEI+GT/FEI034/34-12.jpg,FEI034
datasets/FEI+GT/FEI034/34-01.jpg,FEI034
datasets/FEI+GT/FEI034/34-10.jpg,FEI034
datasets/FEI+GT/FEI034/34-14.jpg,FEI034
datasets/FEI+GT/FEI034/34-11.jpg,FEI034
datasets/FEI+GT/FEI034/34-04.jpg,FEI034
datasets/FEI+GT/FEI034/34-05.jpg,FEI034
datasets/FEI+GT/FEI034/34-13.jpg,FEI034
datasets/FEI+GT/FEI034/34-06.jpg,FEI034
datasets/FEI+GT/s39/12.jpg,s39
datasets/FEI+GT/s39/01.jpg,s39
datasets/FEI+GT/s39/07.jpg,s39
datasets/FEI+GT/s39/11.jpg,s39
datasets/FEI+GT/s39/08.jpg,s39
datasets/FEI+GT/s39/15.jpg,s39
datasets/FEI+GT/s39/02.jpg,s39
datasets/FEI+GT/s39/03.jpg,s39
datasets/FEI+GT/s39/14.jpg,s39
datasets/FEI+GT/s39/05.jpg,s39
datasets/FEI+GT/s39/04.jpg,s39
datasets/FEI+GT/s39/13.jpg,s39
datasets/FEI+GT/s39/09.jpg,s39
datasets/FEI+GT/s39/06.jpg,s39
datasets/FEI+GT/s39/10.jpg,s39
datasets/FEI+GT/FEI025/25-10.jpg,FEI025
datasets/FEI+GT/FEI025/25-05.jpg,FEI025
datasets/FEI+GT/FEI025/25-02.jpg,FEI025
datasets/FEI+GT/FEI025/25-12.jpg,FEI025
datasets/FEI+GT/FEI025/25-04.jpg,FEI025
datasets/FEI+GT/FEI025/25-07.jpg,FEI025
datasets/FEI+GT/FEI025/25-03.jpg,FEI025
datasets/FEI+GT/FEI025/25-06.jpg,FEI025
datasets/FEI+GT/FEI025/25-08.jpg,FEI025
datasets/FEI+GT/FEI025/25-13.jpg,FEI025
datasets/FEI+GT/FEI025/25-01.jpg,FEI025
datasets/FEI+GT/FEI025/25-14.jpg,FEI025
datasets/FEI+GT/FEI025/25-09.jpg,FEI025
datasets/FEI+GT/FEI025/25-11.jpg,FEI025
datasets/FEI+GT/s27/12.jpg,s27
datasets/FEI+GT/s27/01.jpg,s27
datasets/FEI+GT/s27/07.jpg,s27
datasets/FEI+GT/s27/11.jpg,s27
datasets/FEI+GT/s27/08.jpg,s27
datasets/FEI+GT/s27/15.jpg,s27
datasets/FEI+GT/s27/02.jpg,s27
datasets/FEI+GT/s27/03.jpg,s27
datasets/FEI+GT/s27/14.jpg,s27
datasets/FEI+GT/s27/05.jpg,s27
datasets/FEI+GT/s27/04.jpg,s27
datasets/FEI+GT/s27/13.jpg,s27
datasets/FEI+GT/s27/09.jpg,s27
datasets/FEI+GT/s27/06.jpg,s27
datasets/FEI+GT/s27/10.jpg,s27
datasets/FEI+GT/s46/12.jpg,s46
datasets/FEI+GT/s46/01.jpg,s46
datasets/FEI+GT/s46/07.jpg,s46
datasets/FEI+GT/s46/11.jpg,s46
datasets/FEI+GT/s46/08.jpg,s46
datasets/FEI+GT/s46/15.jpg,s46
datasets/FEI+GT/s46/02.jpg,s46
datasets/FEI+GT/s46/03.jpg,s46
datasets/FEI+GT/s46/14.jpg,s46
datasets/FEI+GT/s46/05.jpg,s46
datasets/FEI+GT/s46/04.jpg,s46
datasets/FEI+GT/s46/13.jpg,s46
datasets/FEI+GT/s46/09.jpg,s46
datasets/FEI+GT/s46/06.jpg,s46
datasets/FEI+GT/s46/10.jpg,s46
datasets/FEI+GT/FEI035/35-01.jpg,FEI035
datasets/FEI+GT/FEI035/35-14.jpg,FEI035
datasets/FEI+GT/FEI035/35-07.jpg,FEI035
datasets/FEI+GT/FEI035/35-13.jpg,FEI035
datasets/FEI+GT/FEI035/35-02.jpg,FEI035
datasets/FEI+GT/FEI035/35-08.jpg,FEI035
datasets/FEI+GT/FEI035/35-04.jpg,FEI035
datasets/FEI+GT/FEI035/35-05.jpg,FEI035
datasets/FEI+GT/FEI035/35-11.jpg,FEI035
datasets/FEI+GT/FEI035/35-06.jpg,FEI035
datasets/FEI+GT/FEI035/35-10.jpg,FEI035
datasets/FEI+GT/FEI035/35-12.jpg,FEI035
datasets/FEI+GT/FEI035/35-03.jpg,FEI035
datasets/FEI+GT/FEI035/35-09.jpg,FEI035
datasets/FEI+GT/s41/12.jpg,s41
datasets/FEI+GT/s41/01.jpg,s41
datasets/FEI+GT/s41/07.jpg,s41
datasets/FEI+GT/s41/11.jpg,s41
datasets/FEI+GT/s41/08.jpg,s41
datasets/FEI+GT/s41/15.jpg,s41
datasets/FEI+GT/s41/02.jpg,s41
datasets/FEI+GT/s41/03.jpg,s41
datasets/FEI+GT/s41/14.jpg,s41
datasets/FEI+GT/s41/05.jpg,s41
datasets/FEI+GT/s41/04.jpg,s41
datasets/FEI+GT/s41/13.jpg,s41
datasets/FEI+GT/s41/09.jpg,s41
datasets/FEI+GT/s41/06.jpg,s41
datasets/FEI+GT/s41/10.jpg,s41
datasets/FEI+GT/FEI036/36-05.jpg,FEI036
datasets/FEI+GT/FEI036/36-13.jpg,FEI036
datasets/FEI+GT/FEI036/36-09.jpg,FEI036
datasets/FEI+GT/FEI036/36-01.jpg,FEI036
datasets/FEI+GT/FEI036/36-08.jpg,FEI036
datasets/FEI+GT/FEI036/36-03.jpg,FEI036
datasets/FEI+GT/FEI036/36-12.jpg,FEI036
datasets/FEI+GT/FEI036/36-10.jpg,FEI036
datasets/FEI+GT/FEI036/36-02.jpg,FEI036
datasets/FEI+GT/FEI036/36-07.jpg,FEI036
datasets/FEI+GT/FEI036/36-06.jpg,FEI036
datasets/FEI+GT/FEI036/36-14.jpg,FEI036
datasets/FEI+GT/FEI036/36-04.jpg,FEI036
datasets/FEI+GT/FEI036/36-11.jpg,FEI036
datasets/FEI+GT/s17/12.jpg,s17
datasets/FEI+GT/s17/01.jpg,s17
datasets/FEI+GT/s17/07.jpg,s17
datasets/FEI+GT/s17/11.jpg,s17
datasets/FEI+GT/s17/08.jpg,s17
datasets/FEI+GT/s17/15.jpg,s17
datasets/FEI+GT/s17/02.jpg,s17
datasets/FEI+GT/s17/03.jpg,s17
datasets/FEI+GT/s17/14.jpg,s17
datasets/FEI+GT/s17/05.jpg,s17
datasets/FEI+GT/s17/04.jpg,s17
datasets/FEI+GT/s17/13.jpg,s17
datasets/FEI+GT/s17/09.jpg,s17
datasets/FEI+GT/s17/06.jpg,s17
datasets/FEI+GT/s17/10.jpg,s17
datasets/FEI+GT/s33/12.jpg,s33
datasets/FEI+GT/s33/01.jpg,s33
datasets/FEI+GT/s33/07.jpg,s33
datasets/FEI+GT/s33/11.jpg,s33
datasets/FEI+GT/s33/08.jpg,s33
datasets/FEI+GT/s33/15.jpg,s33
datasets/FEI+GT/s33/02.jpg,s33
datasets/FEI+GT/s33/03.jpg,s33
datasets/FEI+GT/s33/14.jpg,s33
datasets/FEI+GT/s33/05.jpg,s33
datasets/FEI+GT/s33/04.jpg,s33
datasets/FEI+GT/s33/13.jpg,s33
datasets/FEI+GT/s33/09.jpg,s33
datasets/FEI+GT/s33/06.jpg,s33
datasets/FEI+GT/s33/10.jpg,s33
datasets/FEI+GT/FEI020/20-02.jpg,FEI020
datasets/FEI+GT/FEI020/20-07.jpg,FEI020
datasets/FEI+GT/FEI020/20-13.jpg,FEI020
datasets/FEI+GT/FEI020/20-10.jpg,FEI020
datasets/FEI+GT/FEI020/20-06.jpg,FEI020
datasets/FEI+GT/FEI020/20-09.jpg,FEI020
datasets/FEI+GT/FEI020/20-01.jpg,FEI020
datasets/FEI+GT/FEI020/20-03.jpg,FEI020
datasets/FEI+GT/FEI020/20-05.jpg,FEI020
datasets/FEI+GT/FEI020/20-08.jpg,FEI020
datasets/FEI+GT/FEI020/20-11.jpg,FEI020
datasets/FEI+GT/FEI020/20-14.jpg,FEI020
datasets/FEI+GT/FEI020/20-12.jpg,FEI020
datasets/FEI+GT/FEI020/20-04.jpg,FEI020
datasets/FEI+GT/FEI011/11-03.jpg,FEI011
datasets/FEI+GT/FEI011/11-04.jpg,FEI011
datasets/FEI+GT/FEI011/11-12.jpg,FEI011
datasets/FEI+GT/FEI011/11-05.jpg,FEI011
datasets/FEI+GT/FEI011/11-08.jpg,FEI011
datasets/FEI+GT/FEI011/11-10.jpg,FEI011
datasets/FEI+GT/FEI011/11-11.jpg,FEI011
datasets/FEI+GT/FEI011/11-06.jpg,FEI011
datasets/FEI+GT/FEI011/11-14.jpg,FEI011
datasets/FEI+GT/FEI011/11-02.jpg,FEI011
datasets/FEI+GT/FEI011/11-07.jpg,FEI011
datasets/FEI+GT/FEI011/11-09.jpg,FEI011
datasets/FEI+GT/FEI011/11-01.jpg,FEI011
datasets/FEI+GT/FEI011/11-13.jpg,FEI011
datasets/FEI+GT/FEI007/7-09.jpg,FEI007
datasets/FEI+GT/FEI007/7-11.jpg,FEI007
datasets/FEI+GT/FEI007/7-05.jpg,FEI007
datasets/FEI+GT/FEI007/7-10.jpg,FEI007
datasets/FEI+GT/FEI007/7-04.jpg,FEI007
datasets/FEI+GT/FEI007/6-14.jpg,FEI007
datasets/FEI+GT/FEI007/7-14.jpg,FEI007
datasets/FEI+GT/FEI007/7-08.jpg,FEI007
datasets/FEI+GT/FEI007/7-06.jpg,FEI007
datasets/FEI+GT/FEI007/7-07.jpg,FEI007
datasets/FEI+GT/FEI007/7-03.jpg,FEI007
datasets/FEI+GT/FEI007/7-01.jpg,FEI007
datasets/FEI+GT/FEI007/7-02.jpg,FEI007
datasets/FEI+GT/FEI007/7-13.jpg,FEI007
datasets/FEI+GT/FEI007/7-12.jpg,FEI007
datasets/FEI+GT/s48/12.jpg,s48
datasets/FEI+GT/s48/01.jpg,s48
datasets/FEI+GT/s48/07.jpg,s48
datasets/FEI+GT/s48/11.jpg,s48
datasets/FEI+GT/s48/08.jpg,s48
datasets/FEI+GT/s48/15.jpg,s48
datasets/FEI+GT/s48/02.jpg,s48
datasets/FEI+GT/s48/03.jpg,s48
datasets/FEI+GT/s48/14.jpg,s48
datasets/FEI+GT/s48/05.jpg,s48
datasets/FEI+GT/s48/04.jpg,s48
datasets/FEI+GT/s48/13.jpg,s48
datasets/FEI+GT/s48/09.jpg,s48
datasets/FEI+GT/s48/06.jpg,s48
datasets/FEI+GT/s48/10.jpg,s48
datasets/FEI+GT/s42/12.jpg,s42
datasets/FEI+GT/s42/01.jpg,s42
datasets/FEI+GT/s42/07.jpg,s42
datasets/FEI+GT/s42/11.jpg,s42
datasets/FEI+GT/s42/08.jpg,s42
datasets/FEI+GT/s42/15.jpg,s42
datasets/FEI+GT/s42/02.jpg,s42
datasets/FEI+GT/s42/03.jpg,s42
datasets/FEI+GT/s42/14.jpg,s42
datasets/FEI+GT/s42/05.jpg,s42
datasets/FEI+GT/s42/04.jpg,s42
datasets/FEI+GT/s42/13.jpg,s42
datasets/FEI+GT/s42/09.jpg,s42
datasets/FEI+GT/s42/06.jpg,s42
datasets/FEI+GT/s42/10.jpg,s42
datasets/FEI+GT/s08/12.jpg,s08
datasets/FEI+GT/s08/01.jpg,s08
datasets/FEI+GT/s08/07.jpg,s08
datasets/FEI+GT/s08/11.jpg,s08
datasets/FEI+GT/s08/08.jpg,s08
datasets/FEI+GT/s08/15.jpg,s08
datasets/FEI+GT/s08/02.jpg,s08
datasets/FEI+GT/s08/03.jpg,s08
datasets/FEI+GT/s08/14.jpg,s08
datasets/FEI+GT/s08/05.jpg,s08
datasets/FEI+GT/s08/04.jpg,s08
datasets/FEI+GT/s08/13.jpg,s08
datasets/FEI+GT/s08/09.jpg,s08
datasets/FEI+GT/s08/06.jpg,s08
datasets/FEI+GT/s08/10.jpg,s08
datasets/FEI+GT/FEI006/6-07.jpg,FEI006
datasets/FEI+GT/FEI006/6-01.jpg,FEI006
datasets/FEI+GT/FEI006/6-05.jpg,FEI006
datasets/FEI+GT/FEI006/6-12.jpg,FEI006
datasets/FEI+GT/FEI006/6-10.jpg,FEI006
datasets/FEI+GT/FEI006/6-08.jpg,FEI006
datasets/FEI+GT/FEI006/6-04.jpg,FEI006
datasets/FEI+GT/FEI006/6-02.jpg,FEI006
datasets/FEI+GT/FEI006/6-09.jpg,FEI006
datasets/FEI+GT/FEI006/6-06.jpg,FEI006
datasets/FEI+GT/FEI006/6-13.jpg,FEI006
datasets/FEI+GT/FEI006/6-11.jpg,FEI006
datasets/FEI+GT/FEI006/6-03.jpg,FEI006
datasets/FEI+GT/FEI009/9-03.jpg,FEI009
datasets/FEI+GT/FEI009/9-07.jpg,FEI009
datasets/FEI+GT/FEI009/9-11.jpg,FEI009
datasets/FEI+GT/FEI009/9-09.jpg,FEI009
datasets/FEI+GT/FEI009/9-08.jpg,FEI009
datasets/FEI+GT/FEI009/9-10.jpg,FEI009
datasets/FEI+GT/FEI009/9-02.jpg,FEI009
datasets/FEI+GT/FEI009/9-06.jpg,FEI009
datasets/FEI+GT/FEI009/9-05.jpg,FEI009
datasets/FEI+GT/FEI009/9-12.jpg,FEI009
datasets/FEI+GT/FEI009/9-13.jpg,FEI009
datasets/FEI+GT/FEI009/9-04.jpg,FEI009
datasets/FEI+GT/FEI009/9-01.jpg,FEI009
datasets/FEI+GT/FEI009/9-14.jpg,FEI009
datasets/FEI+GT/FEI029/28-14.jpg,FEI029
datasets/FEI+GT/FEI029/29-02.jpg,FEI029
datasets/FEI+GT/FEI029/29-03.jpg,FEI029
datasets/FEI+GT/FEI029/29-05.jpg,FEI029
datasets/FEI+GT/FEI029/29-14.jpg,FEI029
datasets/FEI+GT/FEI029/29-08.jpg,FEI029
datasets/FEI+GT/FEI029/29-10.jpg,FEI029
datasets/FEI+GT/FEI029/29-04.jpg,FEI029
datasets/FEI+GT/FEI029/29-07.jpg,FEI029
datasets/FEI+GT/FEI029/29-11.jpg,FEI029
datasets/FEI+GT/FEI029/29-13.jpg,FEI029
datasets/FEI+GT/FEI029/29-12.jpg,FEI029
datasets/FEI+GT/FEI029/29-06.jpg,FEI029
datasets/FEI+GT/FEI029/29-01.jpg,FEI029
datasets/FEI+GT/FEI029/29-09.jpg,FEI029
datasets/FEI+GT/FEI040/40-02.jpg,FEI040
datasets/FEI+GT/FEI040/40-07.jpg,FEI040
datasets/FEI+GT/FEI040/40-06.jpg,FEI040
datasets/FEI+GT/FEI040/40-01.jpg,FEI040
datasets/FEI+GT/FEI040/40-14.jpg,FEI040
datasets/FEI+GT/FEI040/40-08.jpg,FEI040
datasets/FEI+GT/FEI040/40-11.jpg,FEI040
datasets/FEI+GT/FEI040/40-09.jpg,FEI040
datasets/FEI+GT/FEI040/40-03.jpg,FEI040
datasets/FEI+GT/FEI040/40-13.jpg,FEI040
datasets/FEI+GT/FEI040/40-05.jpg,FEI040
datasets/FEI+GT/FEI040/40-12.jpg,FEI040
datasets/FEI+GT/FEI040/40-10.jpg,FEI040
datasets/FEI+GT/FEI040/40-04.jpg,FEI040
datasets/FEI+GT/FEI026/26-09.jpg,FEI026
datasets/FEI+GT/FEI026/26-06.jpg,FEI026
datasets/FEI+GT/FEI026/26-02.jpg,FEI026
datasets/FEI+GT/FEI026/26-03.jpg,FEI026
datasets/FEI+GT/FEI026/26-08.jpg,FEI026
datasets/FEI+GT/FEI026/26-07.jpg,FEI026
datasets/FEI+GT/FEI026/26-13.jpg,FEI026
datasets/FEI+GT/FEI026/26-12.jpg,FEI026
datasets/FEI+GT/FEI026/26-04.jpg,FEI026
datasets/FEI+GT/FEI026/26-01.jpg,FEI026
datasets/FEI+GT/FEI026/26-14.jpg,FEI026
datasets/FEI+GT/FEI026/26-05.jpg,FEI026
datasets/FEI+GT/FEI026/26-11.jpg,FEI026
datasets/FEI+GT/FEI026/26-10.jpg,FEI026
datasets/FEI+GT/s14/12.jpg,s14
datasets/FEI+GT/s14/01.jpg,s14
datasets/FEI+GT/s14/07.jpg,s14
datasets/FEI+GT/s14/11.jpg,s14
datasets/FEI+GT/s14/08.jpg,s14
datasets/FEI+GT/s14/15.jpg,s14
datasets/FEI+GT/s14/02.jpg,s14
datasets/FEI+GT/s14/03.jpg,s14
datasets/FEI+GT/s14/14.jpg,s14
datasets/FEI+GT/s14/05.jpg,s14
datasets/FEI+GT/s14/04.jpg,s14
datasets/FEI+GT/s14/13.jpg,s14
datasets/FEI+GT/s14/09.jpg,s14
datasets/FEI+GT/s14/06.jpg,s14
datasets/FEI+GT/s14/10.jpg,s14
datasets/FEI+GT/FEI047/47-05.jpg,FEI047
datasets/FEI+GT/FEI047/47-13.jpg,FEI047
datasets/FEI+GT/FEI047/47-01.jpg,FEI047
datasets/FEI+GT/FEI047/47-07.jpg,FEI047
datasets/FEI+GT/FEI047/47-09.jpg,FEI047
datasets/FEI+GT/FEI047/47-06.jpg,FEI047
datasets/FEI+GT/FEI047/47-03.jpg,FEI047
datasets/FEI+GT/FEI047/47-08.jpg,FEI047
datasets/FEI+GT/FEI047/47-02.jpg,FEI047
datasets/FEI+GT/FEI047/47-12.jpg,FEI047
datasets/FEI+GT/FEI047/47-11.jpg,FEI047
datasets/FEI+GT/FEI047/47-04.jpg,FEI047
datasets/FEI+GT/FEI047/47-10.jpg,FEI047
datasets/FEI+GT/FEI027/27-11.jpg,FEI027
datasets/FEI+GT/FEI027/27-06.jpg,FEI027
datasets/FEI+GT/FEI027/27-01.jpg,FEI027
datasets/FEI+GT/FEI027/27-12.jpg,FEI027
datasets/FEI+GT/FEI027/27-09.jpg,FEI027
datasets/FEI+GT/FEI027/27-08.jpg,FEI027
datasets/FEI+GT/FEI027/27-02.jpg,FEI027
datasets/FEI+GT/FEI027/27-03.jpg,FEI027
datasets/FEI+GT/FEI027/27-13.jpg,FEI027
datasets/FEI+GT/FEI027/27-04.jpg,FEI027
datasets/FEI+GT/FEI027/27-14.jpg,FEI027
datasets/FEI+GT/FEI027/27-05.jpg,FEI027
datasets/FEI+GT/FEI027/27-07.jpg,FEI027
datasets/FEI+GT/FEI027/27-10.jpg,FEI027
datasets/FEI+GT/s47/12.jpg,s47
datasets/FEI+GT/s47/01.jpg,s47
datasets/FEI+GT/s47/07.jpg,s47
datasets/FEI+GT/s47/11.jpg,s47
datasets/FEI+GT/s47/08.jpg,s47
datasets/FEI+GT/s47/15.jpg,s47
datasets/FEI+GT/s47/02.jpg,s47
datasets/FEI+GT/s47/03.jpg,s47
datasets/FEI+GT/s47/14.jpg,s47
datasets/FEI+GT/s47/05.jpg,s47
datasets/FEI+GT/s47/04.jpg,s47
datasets/FEI+GT/s47/13.jpg,s47
datasets/FEI+GT/s47/09.jpg,s47
datasets/FEI+GT/s47/06.jpg,s47
datasets/FEI+GT/s47/10.jpg,s47
datasets/FEI+GT/s04/12.jpg,s04
datasets/FEI+GT/s04/01.jpg,s04
datasets/FEI+GT/s04/07.jpg,s04
datasets/FEI+GT/s04/11.jpg,s04
datasets/FEI+GT/s04/08.jpg,s04
datasets/FEI+GT/s04/15.jpg,s04
datasets/FEI+GT/s04/02.jpg,s04
datasets/FEI+GT/s04/03.jpg,s04
datasets/FEI+GT/s04/14.jpg,s04
datasets/FEI+GT/s04/05.jpg,s04
datasets/FEI+GT/s04/04.jpg,s04
datasets/FEI+GT/s04/13.jpg,s04
datasets/FEI+GT/s04/09.jpg,s04
datasets/FEI+GT/s04/06.jpg,s04
datasets/FEI+GT/s04/10.jpg,s04
datasets/FEI+GT/FEI041/41-08.jpg,FEI041
datasets/FEI+GT/FEI041/41-12.jpg,FEI041
datasets/FEI+GT/FEI041/41-06.jpg,FEI041
datasets/FEI+GT/FEI041/41-11.jpg,FEI041
datasets/FEI+GT/FEI041/41-13.jpg,FEI041
datasets/FEI+GT/FEI041/41-01.jpg,FEI041
datasets/FEI+GT/FEI041/41-07.jpg,FEI041
datasets/FEI+GT/FEI041/41-02.jpg,FEI041
datasets/FEI+GT/FEI041/41-10.jpg,FEI041
datasets/FEI+GT/FEI041/41-09.jpg,FEI041
datasets/FEI+GT/FEI041/41-03.jpg,FEI041
datasets/FEI+GT/FEI041/41-14.jpg,FEI041
datasets/FEI+GT/FEI041/41-04.jpg,FEI041
datasets/FEI+GT/FEI041/41-05.jpg,FEI041
datasets/FEI+GT/FEI017/18-06.jpg,FEI017
datasets/FEI+GT/FEI017/17-08.jpg,FEI017
datasets/FEI+GT/FEI017/17-07.jpg,FEI017
datasets/FEI+GT/FEI017/18-09.jpg,FEI017
datasets/FEI+GT/FEI017/17-11.jpg,FEI017
datasets/FEI+GT/FEI017/18-02.jpg,FEI017
datasets/FEI+GT/FEI017/17-06.jpg,FEI017
datasets/FEI+GT/FEI017/17-03.jpg,FEI017
datasets/FEI+GT/FEI017/18-03.jpg,FEI017
datasets/FEI+GT/FEI017/18-14.jpg,FEI017
datasets/FEI+GT/FEI017/18-01.jpg,FEI017
datasets/FEI+GT/FEI017/18-12.jpg,FEI017
datasets/FEI+GT/FEI017/17-09.jpg,FEI017
datasets/FEI+GT/FEI017/18-05.jpg,FEI017
datasets/FEI+GT/FEI017/17-12.jpg,FEI017
datasets/FEI+GT/FEI017/18-04.jpg,FEI017
datasets/FEI+GT/FEI017/17-02.jpg,FEI017
datasets/FEI+GT/FEI017/17-01.jpg,FEI017
datasets/FEI+GT/FEI017/18-11.jpg,FEI017
datasets/FEI+GT/FEI017/17-05.jpg,FEI017
datasets/FEI+GT/FEI017/17-10.jpg,FEI017
datasets/FEI+GT/FEI017/18-10.jpg,FEI017
datasets/FEI+GT/FEI017/18-07.jpg,FEI017
datasets/FEI+GT/FEI017/18-13.jpg,FEI017
datasets/FEI+GT/FEI017/17-04.jpg,FEI017
datasets/FEI+GT/FEI017/17-14.jpg,FEI017
datasets/FEI+GT/FEI017/18-08.jpg,FEI017
datasets/FEI+GT/FEI017/17-13.jpg,FEI017
datasets/FEI+GT/s50/12.jpg,s50
datasets/FEI+GT/s50/01.jpg,s50
datasets/FEI+GT/s50/07.jpg,s50
datasets/FEI+GT/s50/11.jpg,s50
datasets/FEI+GT/s50/08.jpg,s50
datasets/FEI+GT/s50/15.jpg,s50
datasets/FEI+GT/s50/02.jpg,s50
datasets/FEI+GT/s50/03.jpg,s50
datasets/FEI+GT/s50/14.jpg,s50
datasets/FEI+GT/s50/05.jpg,s50
datasets/FEI+GT/s50/04.jpg,s50
datasets/FEI+GT/s50/13.jpg,s50
datasets/FEI+GT/s50/09.jpg,s50
datasets/FEI+GT/s50/06.jpg,s50
datasets/FEI+GT/s50/10.jpg,s50
datasets/FEI+GT/s01/12.jpg,s01
datasets/FEI+GT/s01/01.jpg,s01
datasets/FEI+GT/s01/07.jpg,s01
datasets/FEI+GT/s01/11.jpg,s01
datasets/FEI+GT/s01/08.jpg,s01
datasets/FEI+GT/s01/15.jpg,s01
datasets/FEI+GT/s01/02.jpg,s01
datasets/FEI+GT/s01/03.jpg,s01
datasets/FEI+GT/s01/14.jpg,s01
datasets/FEI+GT/s01/05.jpg,s01
datasets/FEI+GT/s01/04.jpg,s01
datasets/FEI+GT/s01/13.jpg,s01
datasets/FEI+GT/s01/09.jpg,s01
datasets/FEI+GT/s01/06.jpg,s01
datasets/FEI+GT/s01/10.jpg,s01
datasets/FEI+GT/FEI016/16-04.jpg,FEI016
datasets/FEI+GT/FEI016/16-10.jpg,FEI016
datasets/FEI+GT/FEI016/16-02.jpg,FEI016
datasets/FEI+GT/FEI016/16-01.jpg,FEI016
datasets/FEI+GT/FEI016/16-14.jpg,FEI016
datasets/FEI+GT/FEI016/16-05.jpg,FEI016
datasets/FEI+GT/FEI016/16-08.jpg,FEI016
datasets/FEI+GT/FEI016/16-13.jpg,FEI016
datasets/FEI+GT/FEI016/16-03.jpg,FEI016
datasets/FEI+GT/FEI016/16-09.jpg,FEI016
datasets/FEI+GT/FEI016/16-11.jpg,FEI016
datasets/FEI+GT/FEI016/16-12.jpg,FEI016
datasets/FEI+GT/FEI016/16-06.jpg,FEI016
datasets/FEI+GT/FEI016/16-07.jpg,FEI016
datasets/FEI+GT/FEI012/12-09.jpg,FEI012
datasets/FEI+GT/FEI012/12-10.jpg,FEI012
datasets/FEI+GT/FEI012/12-13.jpg,FEI012
datasets/FEI+GT/FEI012/12-01.jpg,FEI012
datasets/FEI+GT/FEI012/12-06.jpg,FEI012
datasets/FEI+GT/FEI012/12-02.jpg,FEI012
datasets/FEI+GT/FEI012/12-03.jpg,FEI012
datasets/FEI+GT/FEI012/12-11.jpg,FEI012
datasets/FEI+GT/FEI012/12-05.jpg,FEI012
datasets/FEI+GT/FEI012/12-04.jpg,FEI012
datasets/FEI+GT/FEI012/12-08.jpg,FEI012
datasets/FEI+GT/FEI012/12-07.jpg,FEI012
datasets/FEI+GT/FEI012/12-12.jpg,FEI012
datasets/FEI+GT/FEI012/12-14.jpg,FEI012
datasets/FEI+GT/FEI033/33-01.jpg,FEI033
datasets/FEI+GT/FEI033/33-14.jpg,FEI033
datasets/FEI+GT/FEI033/33-09.jpg,FEI033
datasets/FEI+GT/FEI033/33-02.jpg,FEI033
datasets/FEI+GT/FEI033/33-03.jpg,FEI033
datasets/FEI+GT/FEI033/33-05.jpg,FEI033
datasets/FEI+GT/FEI033/33-07.jpg,FEI033
datasets/FEI+GT/FEI033/33-08.jpg,FEI033
datasets/FEI+GT/FEI033/33-13.jpg,FEI033
datasets/FEI+GT/FEI033/33-10.jpg,FEI033
datasets/FEI+GT/FEI033/33-12.jpg,FEI033
datasets/FEI+GT/FEI033/33-11.jpg,FEI033
datasets/FEI+GT/FEI033/33-06.jpg,FEI033
datasets/FEI+GT/FEI033/33-04.jpg,FEI033
datasets/FEI+GT/FEI014/14-12.jpg,FEI014
datasets/FEI+GT/FEI014/14-05.jpg,FEI014
datasets/FEI+GT/FEI014/14-01.jpg,FEI014
datasets/FEI+GT/FEI014/14-13.jpg,FEI014
datasets/FEI+GT/FEI014/14-14.jpg,FEI014
datasets/FEI+GT/FEI014/14-03.jpg,FEI014
datasets/FEI+GT/FEI014/14-08.jpg,FEI014
datasets/FEI+GT/FEI014/14-02.jpg,FEI014
datasets/FEI+GT/FEI014/14-11.jpg,FEI014
datasets/FEI+GT/FEI014/14-04.jpg,FEI014
datasets/FEI+GT/FEI014/14-06.jpg,FEI014
datasets/FEI+GT/FEI014/14-07.jpg,FEI014
datasets/FEI+GT/FEI014/14-10.jpg,FEI014
datasets/FEI+GT/FEI014/14-09.jpg,FEI014
datasets/FEI+GT/FEI038/38-10.jpg,FEI038
datasets/FEI+GT/FEI038/38-01.jpg,FEI038
datasets/FEI+GT/FEI038/38-02.jpg,FEI038
datasets/FEI+GT/FEI038/38-09.jpg,FEI038
datasets/FEI+GT/FEI038/38-06.jpg,FEI038
datasets/FEI+GT/FEI038/38-05.jpg,FEI038
datasets/FEI+GT/FEI038/38-04.jpg,FEI038
datasets/FEI+GT/FEI038/38-13.jpg,FEI038
datasets/FEI+GT/FEI038/38-07.jpg,FEI038
datasets/FEI+GT/FEI038/38-08.jpg,FEI038
datasets/FEI+GT/FEI038/38-12.jpg,FEI038
datasets/FEI+GT/FEI038/38-11.jpg,FEI038
datasets/FEI+GT/FEI038/38-03.jpg,FEI038
datasets/FEI+GT/s40/12.jpg,s40
datasets/FEI+GT/s40/01.jpg,s40
datasets/FEI+GT/s40/07.jpg,s40
datasets/FEI+GT/s40/11.jpg,s40
datasets/FEI+GT/s40/08.jpg,s40
datasets/FEI+GT/s40/15.jpg,s40
datasets/FEI+GT/s40/02.jpg,s40
datasets/FEI+GT/s40/03.jpg,s40
datasets/FEI+GT/s40/14.jpg,s40
datasets/FEI+GT/s40/05.jpg,s40
datasets/FEI+GT/s40/04.jpg,s40
datasets/FEI+GT/s40/13.jpg,s40
datasets/FEI+GT/s40/09.jpg,s40
datasets/FEI+GT/s40/06.jpg,s40
datasets/FEI+GT/s40/10.jpg,s40
datasets/FEI+GT/FEI019/19-04.jpg,FEI019
datasets/FEI+GT/FEI019/19-02.jpg,FEI019
datasets/FEI+GT/FEI019/19-12.jpg,FEI019
datasets/FEI+GT/FEI019/19-06.jpg,FEI019
datasets/FEI+GT/FEI019/19-09.jpg,FEI019
datasets/FEI+GT/FEI019/19-14.jpg,FEI019
datasets/FEI+GT/FEI019/19-08.jpg,FEI019
datasets/FEI+GT/FEI019/19-07.jpg,FEI019
datasets/FEI+GT/FEI019/19-11.jpg,FEI019
datasets/FEI+GT/FEI019/19-13.jpg,FEI019
datasets/FEI+GT/FEI019/19-01.jpg,FEI019
datasets/FEI+GT/FEI019/19-03.jpg,FEI019
datasets/FEI+GT/FEI019/19-05.jpg,FEI019
datasets/FEI+GT/FEI019/19-10.jpg,FEI019
datasets/FEI+GT/s02/12.jpg,s02
datasets/FEI+GT/s02/01.jpg,s02
datasets/FEI+GT/s02/07.jpg,s02
datasets/FEI+GT/s02/11.jpg,s02
datasets/FEI+GT/s02/08.jpg,s02
datasets/FEI+GT/s02/15.jpg,s02
datasets/FEI+GT/s02/02.jpg,s02
datasets/FEI+GT/s02/03.jpg,s02
datasets/FEI+GT/s02/14.jpg,s02
datasets/FEI+GT/s02/05.jpg,s02
datasets/FEI+GT/s02/04.jpg,s02
datasets/FEI+GT/s02/13.jpg,s02
datasets/FEI+GT/s02/09.jpg,s02
datasets/FEI+GT/s02/06.jpg,s02
datasets/FEI+GT/s02/10.jpg,s02
datasets/FEI+GT/s15/12.jpg,s15
datasets/FEI+GT/s15/01.jpg,s15
datasets/FEI+GT/s15/07.jpg,s15
datasets/FEI+GT/s15/11.jpg,s15
datasets/FEI+GT/s15/08.jpg,s15
datasets/FEI+GT/s15/15.jpg,s15
datasets/FEI+GT/s15/02.jpg,s15
datasets/FEI+GT/s15/03.jpg,s15
datasets/FEI+GT/s15/14.jpg,s15
datasets/FEI+GT/s15/05.jpg,s15
datasets/FEI+GT/s15/04.jpg,s15
datasets/FEI+GT/s15/13.jpg,s15
datasets/FEI+GT/s15/09.jpg,s15
datasets/FEI+GT/s15/06.jpg,s15
datasets/FEI+GT/s15/10.jpg,s15
datasets/FEI+GT/s37/12.jpg,s37
datasets/FEI+GT/s37/01.jpg,s37
datasets/FEI+GT/s37/07.jpg,s37
datasets/FEI+GT/s37/11.jpg,s37
datasets/FEI+GT/s37/08.jpg,s37
datasets/FEI+GT/s37/15.jpg,s37
datasets/FEI+GT/s37/02.jpg,s37
datasets/FEI+GT/s37/03.jpg,s37
datasets/FEI+GT/s37/14.jpg,s37
datasets/FEI+GT/s37/05.jpg,s37
datasets/FEI+GT/s37/04.jpg,s37
datasets/FEI+GT/s37/13.jpg,s37
datasets/FEI+GT/s37/09.jpg,s37
datasets/FEI+GT/s37/06.jpg,s37
datasets/FEI+GT/s37/10.jpg,s37
datasets/FEI+GT/FEI001/1-14.jpg,FEI001
datasets/FEI+GT/FEI001/1-07.jpg,FEI001
datasets/FEI+GT/FEI001/1-05.jpg,FEI001
datasets/FEI+GT/FEI001/1-08.jpg,FEI001
datasets/FEI+GT/FEI001/1-01.jpg,FEI001
datasets/FEI+GT/FEI001/1-06.jpg,FEI001
datasets/FEI+GT/FEI001/1-12.jpg,FEI001
datasets/FEI+GT/FEI001/1-10.jpg,FEI001
datasets/FEI+GT/FEI001/1-02.jpg,FEI001
datasets/FEI+GT/FEI001/1-11.jpg,FEI001
datasets/FEI+GT/FEI001/1-09.jpg,FEI001
datasets/FEI+GT/FEI001/1-04.jpg,FEI001
datasets/FEI+GT/FEI001/1-13.jpg,FEI001
datasets/FEI+GT/s10/12.jpg,s10
datasets/FEI+GT/s10/01.jpg,s10
datasets/FEI+GT/s10/07.jpg,s10
datasets/FEI+GT/s10/11.jpg,s10
datasets/FEI+GT/s10/08.jpg,s10
datasets/FEI+GT/s10/15.jpg,s10
datasets/FEI+GT/s10/02.jpg,s10
datasets/FEI+GT/s10/03.jpg,s10
datasets/FEI+GT/s10/14.jpg,s10
datasets/FEI+GT/s10/05.jpg,s10
datasets/FEI+GT/s10/04.jpg,s10
datasets/FEI+GT/s10/13.jpg,s10
datasets/FEI+GT/s10/09.jpg,s10
datasets/FEI+GT/s10/06.jpg,s10
datasets/FEI+GT/s10/10.jpg,s10
datasets/FEI+GT/FEI048/48-11.jpg,FEI048
datasets/FEI+GT/FEI048/48-08.jpg,FEI048
datasets/FEI+GT/FEI048/48-06.jpg,FEI048
datasets/FEI+GT/FEI048/48-05.jpg,FEI048
datasets/FEI+GT/FEI048/48-07.jpg,FEI048
datasets/FEI+GT/FEI048/48-01.jpg,FEI048
datasets/FEI+GT/FEI048/48-10.jpg,FEI048
datasets/FEI+GT/FEI048/48-13.jpg,FEI048
datasets/FEI+GT/FEI048/48-09.jpg,FEI048
datasets/FEI+GT/FEI048/48-02.jpg,FEI048
datasets/FEI+GT/FEI048/48-03.jpg,FEI048
datasets/FEI+GT/FEI048/48-04.jpg,FEI048
datasets/FEI+GT/FEI048/48-12.jpg,FEI048
datasets/FEI+GT/FEI010/10-03.jpg,FEI010
datasets/FEI+GT/FEI010/10-04.jpg,FEI010
datasets/FEI+GT/FEI010/10-14.jpg,FEI010
datasets/FEI+GT/FEI010/10-06.jpg,FEI010
datasets/FEI+GT/FEI010/10-08.jpg,FEI010
datasets/FEI+GT/FEI010/10-02.jpg,FEI010
datasets/FEI+GT/FEI010/10-13.jpg,FEI010
datasets/FEI+GT/FEI010/10-10.jpg,FEI010
datasets/FEI+GT/FEI010/10-11.jpg,FEI010
datasets/FEI+GT/FEI010/10-01.jpg,FEI010
datasets/FEI+GT/FEI010/10-09.jpg,FEI010
datasets/FEI+GT/FEI010/10-05.jpg,FEI010
datasets/FEI+GT/FEI010/10-07.jpg,FEI010
datasets/FEI+GT/FEI010/10-12.jpg,FEI010
datasets/FEI+GT/s16/12.jpg,s16
datasets/FEI+GT/s16/01.jpg,s16
datasets/FEI+GT/s16/07.jpg,s16
datasets/FEI+GT/s16/11.jpg,s16
datasets/FEI+GT/s16/08.jpg,s16
datasets/FEI+GT/s16/15.jpg,s16
datasets/FEI+GT/s16/02.jpg,s16
datasets/FEI+GT/s16/03.jpg,s16
datasets/FEI+GT/s16/14.jpg,s16
datasets/FEI+GT/s16/05.jpg,s16
datasets/FEI+GT/s16/04.jpg,s16
datasets/FEI+GT/s16/13.jpg,s16
datasets/FEI+GT/s16/09.jpg,s16
datasets/FEI+GT/s16/06.jpg,s16
datasets/FEI+GT/s16/10.jpg,s16
datasets/FEI+GT/FEI003/3-05.jpg,FEI003
datasets/FEI+GT/FEI003/3-08.jpg,FEI003
datasets/FEI+GT/FEI003/3-13.jpg,FEI003
datasets/FEI+GT/FEI003/3-02.jpg,FEI003
datasets/FEI+GT/FEI003/3-11.jpg,FEI003
datasets/FEI+GT/FEI003/3-03.jpg,FEI003
datasets/FEI+GT/FEI003/3-09.jpg,FEI003
datasets/FEI+GT/FEI003/3-04.jpg,FEI003
datasets/FEI+GT/FEI003/3-12.jpg,FEI003
datasets/FEI+GT/FEI003/3-07.jpg,FEI003
datasets/FEI+GT/FEI003/3-01.jpg,FEI003
datasets/FEI+GT/FEI003/3-10.jpg,FEI003
datasets/FEI+GT/FEI046/46-08.jpg,FEI046
datasets/FEI+GT/FEI046/46-10.jpg,FEI046
datasets/FEI+GT/FEI046/46-02.jpg,FEI046
datasets/FEI+GT/FEI046/46-05.jpg,FEI046
datasets/FEI+GT/FEI046/46-12.jpg,FEI046
datasets/FEI+GT/FEI046/46-11.jpg,FEI046
datasets/FEI+GT/FEI046/46-06.jpg,FEI046
datasets/FEI+GT/FEI046/46-01.jpg,FEI046
datasets/FEI+GT/FEI046/46-07.jpg,FEI046
datasets/FEI+GT/FEI046/46-04.jpg,FEI046
datasets/FEI+GT/FEI046/46-13.jpg,FEI046
datasets/FEI+GT/FEI046/46-03.jpg,FEI046
datasets/FEI+GT/FEI046/46-09.jpg,FEI046
datasets/FEI+GT/s24/12.jpg,s24
datasets/FEI+GT/s24/01.jpg,s24
datasets/FEI+GT/s24/07.jpg,s24
datasets/FEI+GT/s24/11.jpg,s24
datasets/FEI+GT/s24/08.jpg,s24
datasets/FEI+GT/s24/15.jpg,s24
datasets/FEI+GT/s24/02.jpg,s24
datasets/FEI+GT/s24/03.jpg,s24
datasets/FEI+GT/s24/14.jpg,s24
datasets/FEI+GT/s24/05.jpg,s24
datasets/FEI+GT/s24/04.jpg,s24
datasets/FEI+GT/s24/13.jpg,s24
datasets/FEI+GT/s24/09.jpg,s24
datasets/FEI+GT/s24/06.jpg,s24
datasets/FEI+GT/s24/10.jpg,s24
datasets/FEI+GT/s07/12.jpg,s07
datasets/FEI+GT/s07/01.jpg,s07
datasets/FEI+GT/s07/07.jpg,s07
datasets/FEI+GT/s07/11.jpg,s07
datasets/FEI+GT/s07/08.jpg,s07
datasets/FEI+GT/s07/15.jpg,s07
datasets/FEI+GT/s07/02.jpg,s07
datasets/FEI+GT/s07/03.jpg,s07
datasets/FEI+GT/s07/14.jpg,s07
datasets/FEI+GT/s07/05.jpg,s07
datasets/FEI+GT/s07/04.jpg,s07
datasets/FEI+GT/s07/13.jpg,s07
datasets/FEI+GT/s07/09.jpg,s07
datasets/FEI+GT/s07/06.jpg,s07
datasets/FEI+GT/s07/10.jpg,s07
datasets/FEI+GT/s21/12.jpg,s21
datasets/FEI+GT/s21/01.jpg,s21
datasets/FEI+GT/s21/07.jpg,s21
datasets/FEI+GT/s21/11.jpg,s21
datasets/FEI+GT/s21/08.jpg,s21
datasets/FEI+GT/s21/15.jpg,s21
datasets/FEI+GT/s21/02.jpg,s21
datasets/FEI+GT/s21/03.jpg,s21
datasets/FEI+GT/s21/14.jpg,s21
datasets/FEI+GT/s21/05.jpg,s21
datasets/FEI+GT/s21/04.jpg,s21
datasets/FEI+GT/s21/13.jpg,s21
datasets/FEI+GT/s21/09.jpg,s21
datasets/FEI+GT/s21/06.jpg,s21
datasets/FEI+GT/s21/10.jpg,s21
datasets/FEI+GT/FEI043/43-02.jpg,FEI043
datasets/FEI+GT/FEI043/43-06.jpg,FEI043
datasets/FEI+GT/FEI043/43-12.jpg,FEI043
datasets/FEI+GT/FEI043/43-05.jpg,FEI043
datasets/FEI+GT/FEI043/43-14.jpg,FEI043
datasets/FEI+GT/FEI043/43-07.jpg,FEI043
datasets/FEI+GT/FEI043/43-13.jpg,FEI043
datasets/FEI+GT/FEI043/43-10.jpg,FEI043
datasets/FEI+GT/FEI043/43-01.jpg,FEI043
datasets/FEI+GT/FEI043/43-09.jpg,FEI043
datasets/FEI+GT/FEI043/43-03.jpg,FEI043
datasets/FEI+GT/FEI043/43-04.jpg,FEI043
datasets/FEI+GT/FEI043/43-08.jpg,FEI043
datasets/FEI+GT/FEI043/43-11.jpg,FEI043
datasets/FEI+GT/FEI015/15-07.jpg,FEI015
datasets/FEI+GT/FEI015/15-04.jpg,FEI015
datasets/FEI+GT/FEI015/15-12.jpg,FEI015
datasets/FEI+GT/FEI015/15-13.jpg,FEI015
datasets/FEI+GT/FEI015/15-03.jpg,FEI015
datasets/FEI+GT/FEI015/15-09.jpg,FEI015
datasets/FEI+GT/FEI015/15-01.jpg,FEI015
datasets/FEI+GT/FEI015/15-11.jpg,FEI015
datasets/FEI+GT/FEI015/15-02.jpg,FEI015
datasets/FEI+GT/FEI015/15-05.jpg,FEI015
datasets/FEI+GT/FEI015/15-08.jpg,FEI015
datasets/FEI+GT/FEI015/15-06.jpg,FEI015
datasets/FEI+GT/FEI015/15-10.jpg,FEI015
datasets/FEI+GT/FEI015/15-14.jpg,FEI015
datasets/FEI+GT/s35/12.jpg,s35
datasets/FEI+GT/s35/01.jpg,s35
datasets/FEI+GT/s35/07.jpg,s35
datasets/FEI+GT/s35/11.jpg,s35
datasets/FEI+GT/s35/08.jpg,s35
datasets/FEI+GT/s35/15.jpg,s35
datasets/FEI+GT/s35/02.jpg,s35
datasets/FEI+GT/s35/03.jpg,s35
datasets/FEI+GT/s35/14.jpg,s35
datasets/FEI+GT/s35/05.jpg,s35
datasets/FEI+GT/s35/04.jpg,s35
datasets/FEI+GT/s35/13.jpg,s35
datasets/FEI+GT/s35/09.jpg,s35
datasets/FEI+GT/s35/06.jpg,s35
datasets/FEI+GT/s35/10.jpg,s35
datasets/FEI+GT/s26/12.jpg,s26
datasets/FEI+GT/s26/01.jpg,s26
datasets/FEI+GT/s26/07.jpg,s26
datasets/FEI+GT/s26/11.jpg,s26
datasets/FEI+GT/s26/08.jpg,s26
datasets/FEI+GT/s26/15.jpg,s26
datasets/FEI+GT/s26/02.jpg,s26
datasets/FEI+GT/s26/03.jpg,s26
datasets/FEI+GT/s26/14.jpg,s26
datasets/FEI+GT/s26/05.jpg,s26
datasets/FEI+GT/s26/04.jpg,s26
datasets/FEI+GT/s26/13.jpg,s26
datasets/FEI+GT/s26/09.jpg,s26
datasets/FEI+GT/s26/06.jpg,s26
datasets/FEI+GT/s26/10.jpg,s26
datasets/FEI+GT/FEI008/8-11.jpg,FEI008
datasets/FEI+GT/FEI008/8-05.jpg,FEI008
datasets/FEI+GT/FEI008/8-01.jpg,FEI008
datasets/FEI+GT/FEI008/8-12.jpg,FEI008
datasets/FEI+GT/FEI008/8-03.jpg,FEI008
datasets/FEI+GT/FEI008/8-13.jpg,FEI008
datasets/FEI+GT/FEI008/8-04.jpg,FEI008
datasets/FEI+GT/FEI008/8-09.jpg,FEI008
datasets/FEI+GT/FEI008/8-14.jpg,FEI008
datasets/FEI+GT/FEI008/8-07.jpg,FEI008
datasets/FEI+GT/FEI008/8-10.jpg,FEI008
datasets/FEI+GT/FEI008/8-02.jpg,FEI008
datasets/FEI+GT/FEI008/8-08.jpg,FEI008
datasets/FEI+GT/FEI008/8-06.jpg,FEI008
datasets/FEI+GT/FEI031/31-11.jpg,FEI031
datasets/FEI+GT/FEI031/31-06.jpg,FEI031
datasets/FEI+GT/FEI031/31-04.jpg,FEI031
datasets/FEI+GT/FEI031/31-12.jpg,FEI031
datasets/FEI+GT/FEI031/31-02.jpg,FEI031
datasets/FEI+GT/FEI031/31-03.jpg,FEI031
datasets/FEI+GT/FEI031/31-13.jpg,FEI031
datasets/FEI+GT/FEI031/31-10.jpg,FEI031
datasets/FEI+GT/FEI031/31-01.jpg,FEI031
datasets/FEI+GT/FEI031/31-14.jpg,FEI031
datasets/FEI+GT/FEI031/31-09.jpg,FEI031
datasets/FEI+GT/FEI031/31-08.jpg,FEI031
datasets/FEI+GT/FEI031/31-07.jpg,FEI031
datasets/FEI+GT/FEI031/31-05.jpg,FEI031
datasets/FEI+GT/s03/12.jpg,s03
datasets/FEI+GT/s03/01.jpg,s03
datasets/FEI+GT/s03/07.jpg,s03
datasets/FEI+GT/s03/11.jpg,s03
datasets/FEI+GT/s03/08.jpg,s03
datasets/FEI+GT/s03/15.jpg,s03
datasets/FEI+GT/s03/02.jpg,s03
datasets/FEI+GT/s03/03.jpg,s03
datasets/FEI+GT/s03/14.jpg,s03
datasets/FEI+GT/s03/05.jpg,s03
datasets/FEI+GT/s03/04.jpg,s03
datasets/FEI+GT/s03/13.jpg,s03
datasets/FEI+GT/s03/09.jpg,s03
datasets/FEI+GT/s03/06.jpg,s03
datasets/FEI+GT/s03/10.jpg,s03
datasets/FEI+GT/s30/12.jpg,s30
datasets/FEI+GT/s30/01.jpg,s30
datasets/FEI+GT/s30/07.jpg,s30
datasets/FEI+GT/s30/11.jpg,s30
datasets/FEI+GT/s30/08.jpg,s30
datasets/FEI+GT/s30/15.jpg,s30
datasets/FEI+GT/s30/02.jpg,s30
datasets/FEI+GT/s30/03.jpg,s30
datasets/FEI+GT/s30/14.jpg,s30
datasets/FEI+GT/s30/05.jpg,s30
datasets/FEI+GT/s30/04.jpg,s30
datasets/FEI+GT/s30/13.jpg,s30
datasets/FEI+GT/s30/09.jpg,s30
datasets/FEI+GT/s30/06.jpg,s30
datasets/FEI+GT/s30/10.jpg,s30
datasets/FEI+GT/s32/12.jpg,s32
datasets/FEI+GT/s32/01.jpg,s32
datasets/FEI+GT/s32/07.jpg,s32
datasets/FEI+GT/s32/11.jpg,s32
datasets/FEI+GT/s32/08.jpg,s32
datasets/FEI+GT/s32/15.jpg,s32
datasets/FEI+GT/s32/02.jpg,s32
datasets/FEI+GT/s32/03.jpg,s32
datasets/FEI+GT/s32/14.jpg,s32
datasets/FEI+GT/s32/05.jpg,s32
datasets/FEI+GT/s32/04.jpg,s32
datasets/FEI+GT/s32/13.jpg,s32
datasets/FEI+GT/s32/09.jpg,s32
datasets/FEI+GT/s32/06.jpg,s32
datasets/FEI+GT/s32/10.jpg,s32
datasets/FEI+GT/s13/12.jpg,s13
datasets/FEI+GT/s13/01.jpg,s13
datasets/FEI+GT/s13/07.jpg,s13
datasets/FEI+GT/s13/11.jpg,s13
datasets/FEI+GT/s13/08.jpg,s13
datasets/FEI+GT/s13/15.jpg,s13
datasets/FEI+GT/s13/02.jpg,s13
datasets/FEI+GT/s13/03.jpg,s13
datasets/FEI+GT/s13/14.jpg,s13
datasets/FEI+GT/s13/05.jpg,s13
datasets/FEI+GT/s13/04.jpg,s13
datasets/FEI+GT/s13/13.jpg,s13
datasets/FEI+GT/s13/09.jpg,s13
datasets/FEI+GT/s13/06.jpg,s13
datasets/FEI+GT/s13/10.jpg,s13
datasets/FEI+GT/s23/12.jpg,s23
datasets/FEI+GT/s23/01.jpg,s23
datasets/FEI+GT/s23/07.jpg,s23
datasets/FEI+GT/s23/11.jpg,s23
datasets/FEI+GT/s23/08.jpg,s23
datasets/FEI+GT/s23/15.jpg,s23
datasets/FEI+GT/s23/02.jpg,s23
datasets/FEI+GT/s23/03.jpg,s23
datasets/FEI+GT/s23/14.jpg,s23
datasets/FEI+GT/s23/05.jpg,s23
datasets/FEI+GT/s23/04.jpg,s23
datasets/FEI+GT/s23/13.jpg,s23
datasets/FEI+GT/s23/09.jpg,s23
datasets/FEI+GT/s23/06.jpg,s23
datasets/FEI+GT/s23/10.jpg,s23
datasets/FEI+GT/s38/12.jpg,s38
datasets/FEI+GT/s38/01.jpg,s38
datasets/FEI+GT/s38/07.jpg,s38
datasets/FEI+GT/s38/11.jpg,s38
datasets/FEI+GT/s38/08.jpg,s38
datasets/FEI+GT/s38/15.jpg,s38
datasets/FEI+GT/s38/02.jpg,s38
datasets/FEI+GT/s38/03.jpg,s38
datasets/FEI+GT/s38/14.jpg,s38
datasets/FEI+GT/s38/05.jpg,s38
datasets/FEI+GT/s38/04.jpg,s38
datasets/FEI+GT/s38/13.jpg,s38
datasets/FEI+GT/s38/09.jpg,s38
datasets/FEI+GT/s38/06.jpg,s38
datasets/FEI+GT/s38/10.jpg,s38
datasets/FEI+GT/s49/12.jpg,s49
datasets/FEI+GT/s49/01.jpg,s49
datasets/FEI+GT/s49/07.jpg,s49
datasets/FEI+GT/s49/11.jpg,s49
datasets/FEI+GT/s49/08.jpg,s49
datasets/FEI+GT/s49/15.jpg,s49
datasets/FEI+GT/s49/02.jpg,s49
datasets/FEI+GT/s49/03.jpg,s49
datasets/FEI+GT/s49/14.jpg,s49
datasets/FEI+GT/s49/05.jpg,s49
datasets/FEI+GT/s49/04.jpg,s49
datasets/FEI+GT/s49/13.jpg,s49
datasets/FEI+GT/s49/09.jpg,s49
datasets/FEI+GT/s49/06.jpg,s49
datasets/FEI+GT/s49/10.jpg,s49
datasets/FEI+GT/s29/12.jpg,s29
datasets/FEI+GT/s29/01.jpg,s29
datasets/FEI+GT/s29/07.jpg,s29
datasets/FEI+GT/s29/11.jpg,s29
datasets/FEI+GT/s29/08.jpg,s29
datasets/FEI+GT/s29/15.jpg,s29
datasets/FEI+GT/s29/02.jpg,s29
datasets/FEI+GT/s29/03.jpg,s29
datasets/FEI+GT/s29/14.jpg,s29
datasets/FEI+GT/s29/05.jpg,s29
datasets/FEI+GT/s29/04.jpg,s29
datasets/FEI+GT/s29/13.jpg,s29
datasets/FEI+GT/s29/09.jpg,s29
datasets/FEI+GT/s29/06.jpg,s29
datasets/FEI+GT/s29/10.jpg,s29
datasets/FEI+GT/FEI049/49-08.jpg,FEI049
datasets/FEI+GT/FEI049/49-01.jpg,FEI049
datasets/FEI+GT/FEI049/49-03.jpg,FEI049
datasets/FEI+GT/FEI049/49-02.jpg,FEI049
datasets/FEI+GT/FEI049/49-06.jpg,FEI049
datasets/FEI+GT/FEI049/49-10.jpg,FEI049
datasets/FEI+GT/FEI049/49-13.jpg,FEI049
datasets/FEI+GT/FEI049/49-05.jpg,FEI049
datasets/FEI+GT/FEI049/49-11.jpg,FEI049
datasets/FEI+GT/FEI049/49-04.jpg,FEI049
datasets/FEI+GT/FEI049/49-07.jpg,FEI049
datasets/FEI+GT/FEI049/49-09.jpg,FEI049
datasets/FEI+GT/FEI049/49-12.jpg,FEI049
datasets/FEI+GT/s25/12.jpg,s25
datasets/FEI+GT/s25/01.jpg,s25
datasets/FEI+GT/s25/07.jpg,s25
datasets/FEI+GT/s25/11.jpg,s25
datasets/FEI+GT/s25/08.jpg,s25
datasets/FEI+GT/s25/15.jpg,s25
datasets/FEI+GT/s25/02.jpg,s25
datasets/FEI+GT/s25/03.jpg,s25
datasets/FEI+GT/s25/14.jpg,s25
datasets/FEI+GT/s25/05.jpg,s25
datasets/FEI+GT/s25/04.jpg,s25
datasets/FEI+GT/s25/13.jpg,s25
datasets/FEI+GT/s25/09.jpg,s25
datasets/FEI+GT/s25/06.jpg,s25
datasets/FEI+GT/s25/10.jpg,s25
datasets/FEI+GT/FEI050/50-04.jpg,FEI050
datasets/FEI+GT/FEI050/50-13.jpg,FEI050
datasets/FEI+GT/FEI050/50-02.jpg,FEI050
datasets/FEI+GT/FEI050/50-01.jpg,FEI050
datasets/FEI+GT/FEI050/50-12.jpg,FEI050
datasets/FEI+GT/FEI050/50-05.jpg,FEI050
datasets/FEI+GT/FEI050/50-09.jpg,FEI050
datasets/FEI+GT/FEI050/50-10.jpg,FEI050
datasets/FEI+GT/FEI050/50-06.jpg,FEI050
datasets/FEI+GT/FEI050/50-08.jpg,FEI050
datasets/FEI+GT/FEI050/50-03.jpg,FEI050
datasets/FEI+GT/FEI050/50-11.jpg,FEI050
datasets/FEI+GT/FEI050/50-07.jpg,FEI050
datasets/FEI+GT/s43/12.jpg,s43
datasets/FEI+GT/s43/01.jpg,s43
datasets/FEI+GT/s43/07.jpg,s43
datasets/FEI+GT/s43/11.jpg,s43
datasets/FEI+GT/s43/08.jpg,s43
datasets/FEI+GT/s43/15.jpg,s43
datasets/FEI+GT/s43/02.jpg,s43
datasets/FEI+GT/s43/03.jpg,s43
datasets/FEI+GT/s43/14.jpg,s43
datasets/FEI+GT/s43/05.jpg,s43
datasets/FEI+GT/s43/04.jpg,s43
datasets/FEI+GT/s43/13.jpg,s43
datasets/FEI+GT/s43/09.jpg,s43
datasets/FEI+GT/s43/06.jpg,s43
datasets/FEI+GT/s43/10.jpg,s43
datasets/FEI+GT/s05/12.jpg,s05
datasets/FEI+GT/s05/01.jpg,s05
datasets/FEI+GT/s05/07.jpg,s05
datasets/FEI+GT/s05/11.jpg,s05
datasets/FEI+GT/s05/08.jpg,s05
datasets/FEI+GT/s05/15.jpg,s05
datasets/FEI+GT/s05/02.jpg,s05
datasets/FEI+GT/s05/03.jpg,s05
datasets/FEI+GT/s05/14.jpg,s05
datasets/FEI+GT/s05/05.jpg,s05
datasets/FEI+GT/s05/04.jpg,s05
datasets/FEI+GT/s05/13.jpg,s05
datasets/FEI+GT/s05/09.jpg,s05
datasets/FEI+GT/s05/06.jpg,s05
datasets/FEI+GT/s05/10.jpg,s05
datasets/FEI+GT/s31/12.jpg,s31
datasets/FEI+GT/s31/01.jpg,s31
datasets/FEI+GT/s31/07.jpg,s31
datasets/FEI+GT/s31/11.jpg,s31
datasets/FEI+GT/s31/08.jpg,s31
datasets/FEI+GT/s31/15.jpg,s31
datasets/FEI+GT/s31/02.jpg,s31
datasets/FEI+GT/s31/03.jpg,s31
datasets/FEI+GT/s31/14.jpg,s31
datasets/FEI+GT/s31/05.jpg,s31
datasets/FEI+GT/s31/04.jpg,s31
datasets/FEI+GT/s31/13.jpg,s31
datasets/FEI+GT/s31/09.jpg,s31
datasets/FEI+GT/s31/06.jpg,s31
datasets/FEI+GT/s31/10.jpg,s31
